English,Japanese
fabric,布
facilitate,促進する
factor,要因
fade,消える
fail,失敗する
faint,かすかな
faith,信仰
fake,偽物
fall,落ちる
fame,名声
familiar,馴染みのある
famous,有名な
fantasy,空想
farewell,別れ
farm,農場
fascinate,魅了する
fashion,ファッション
fast,速い
fat,脂肪
fate,運命
fault,欠陥
favor,好意
fear,恐怖
feasible,実現可能な
feather,羽
feature,特徴
federal,連邦の
fee,料金
feed,養う
feel,感じる
fellow,仲間
female,女性
fence,フェンス
festival,祭り
fetch,取ってくる
fever,熱
few,少しの
fiber,繊維
fiction,フィクション
field,野原
fierce,激しい
figure,数字
file,ファイル
fill,満たす
film,映画
filter,フィルター
final,最終的な
finance,財政
find,見つける
fine,良い
finger,指
finish,終わる
fire,火
firm,堅い
first,最初の
fish,魚
fit,合う
fix,修理する
flag,旗
flame,炎
flash,閃光
flat,平らな
flavor,風味
flee,逃げる
flesh,肉
flexible,柔軟な
flight,飛行
flock,群れ
flood,洪水
floor,床
flour,小麦粉
flow,流れる
flower,花
fluid,流動体
flush,赤面する
fly,飛ぶ
focus,焦点
fold,折りたたむ
follow,従う
food,食べ物
fool,愚か者
foot,足
forbid,禁じる
force,力
forecast,予測する
forehead,額
foreign,外国の
forest,森
forget,忘れる
forgive,許す
fork,フォーク
form,形
formal,正式な
format,形式
former,前の
forth,前へ
fortune,運命
gain,得る
galaxy,銀河
gallery,ギャラリー
gamble,ギャンブル
gang,ギャング
gap,隙間
garage,ガレージ
garbage,ゴミ
garden,庭
garlic,ニンニク
gas,ガス
gasp,息を切らす
gather,集める
gaze,見つめる
gear,ギア
gender,性別
gene,遺伝子
general,一般的な
generate,生成する
generation,世代
generous,寛大な
genius,天才
gentle,優しい
genuine,本物の
geography,地理
gesture,ジェスチャー
ghost,幽霊
giant,巨大な
gift,贈り物
gigantic,巨大な
ginger,生姜
girl,女の子
glad,嬉しい
glance,一見
glare,睨みつける
glass,ガラス
glimpse,ちらりと見える
global,地球規模の
globe,地球
glorious,栄光の
glory,栄光
glove,手袋
glow,輝く
glue,接着剤
goal,目標
goat,ヤギ
goddess,女神
gold,金
golden,金色の
golf,ゴルフ
good,良い
goodbye,さようなら
gorgeous,豪華な
gossip,噂話
govern,統治する
government,政府
governor,知事
grace,優雅
grade,等級
gradual,徐々の
graduate,卒業する
grain,穀物
grammar,文法
grand,壮大な
grandchild,孫
grandfather,祖父
grandmother,祖母
grant,与える
grape,ブドウ
graphic,グラフィック
grasp,把握する
grass,草
grateful,感謝している
grave,墓
gravity,重力
great,偉大な
greed,貪欲
green,緑
greet,挨拶する
grey,灰色
grid,グリッド
grief,悲しみ
grin,にっこり笑う
grind,挽く
grip,握る
grocery,食料品
ground,地面
group,グループ
grow,成長する
growth,成長
guarantee,保証する
guard,警備
guess,推測する
guest,ゲスト
guide,案内する
guilty,有罪の
guitar,ギター
gun,銃
guy,男
habit,習慣
hair,髪
half,半分
hall,ホール
halt,停止する
hammer,ハンマー
hand,手
handle,扱う
handsome,ハンサムな
hang,吊るす
happen,起こる
happy,幸せな
harbor,港
hard,硬い
hardly,ほとんど～ない
harm,害
harmony,調和
harsh,厳しい
harvest,収穫
hat,帽子
hate,憎む
have,持つ
hazard,危険
head,頭
heal,癒す
health,健康
heap,山積み
hear,聞く
heart,心
heat,熱
heaven,天国
heavy,重い
hedge,生垣
height,高さ
heir,相続人
helicopter,ヘリコプター
hell,地獄
helmet,ヘルメット
help,助ける
hence,それゆえ
herb,ハーブ
heritage,遺産
hero,英雄
hesitate,ためらう
hide,隠す
high,高い
highlight,強調する
hike,ハイキング
hill,丘
hint,ヒント
hire,雇う
history,歴史
hit,打つ
hobby,趣味
hold,保持する
hole,穴
holiday,休日
holy,神聖な
home,家
honest,正直な
honey,蜂蜜
honor,名誉
hook,フック
hope,希望
horizon,地平線
horn,角
horror,恐怖
horse,馬
hospital,病院
host,主人
hot,暑い
hotel,ホテル
hour,時間
house,家
household,家庭
hug,抱きしめる
huge,巨大な
hum,鼻歌を歌う
human,人間
humble,謙虚な
humor,ユーモア
hundred,百
hunger,飢え
hunt,狩る
hurry,急ぐ
hurt,傷つける
husband,夫
hush,静かにする
hybrid,ハイブリッド
hypothesis,仮説
ice,氷
idea,アイデア
ideal,理想的な
identify,識別する
identity,アイデンティティ
idle,怠惰な
idol,偶像
ignore,無視する
ill,病気の
illegal,違法の
illness,病気
illuminate,照らす
illusion,幻覚
illustrate,説明する
image,画像
imagine,想像する
imitate,模倣する
immediate,即時の
immense,巨大な
impact,影響
impatient,せっかちな
implement,実行する
implicate,関与させる
imply,暗示する
import,輸入する
important,重要な
impose,課す
impossible,不可能な
impress,感動させる
improve,改善する
impulse,衝動
incentive,動機
incident,出来事
include,含む
income,収入
increase,増加する
incredible,信じられない
independent,独立した
index,索引
indicate,示す
indifferent,無関心な
individual,個々の
indoor,屋内の
induce,誘発する
industry,産業
inevitable,避けられない
infant,乳児
infect,感染させる
infer,推測する
influence,影響
inform,知らせる
initial,最初の
inject,注入する
injure,傷つける
innocent,無罪の
input,入力
inquiry,問い合わせ
insight,洞察
insist,主張する
inspect,検査する
inspire,刺激する
install,インストールする
instance,例
instant,即時の
instead,その代わりに
instinct,本能
institute,研究所
instruct,指導する
instrument,楽器
insult,侮辱する
insurance,保険
intellectual,知的な
intelligence,知能
intend,意図する
intense,強烈な
interest,興味
internal,内部の
international,国際的な
interpret,解釈する
interrupt,中断する
interval,間隔
intervene,介入する
intimate,親密な
introduce,紹介する
invade,侵略する
invent,発明する
invest,投資する
investigate,調査する
invite,招待する
involve,関与する
iron,鉄
island,島
isolate,隔離する
issue,問題
jacket,ジャケット
jail,刑務所
jam,ジャム
january,1月
jar,瓶
jazz,ジャズ
jealous,嫉妬深い
jeans,ジーンズ
jelly,ゼリー
jewel,宝石
job,仕事
jog,ジョギングする
join,参加する
joke,冗談
journal,日誌
journey,旅
joy,喜び
judge,裁判官
judgment,判断
juice,ジュース
jump,跳ぶ
jungle,ジャングル
junior,年下の
junk,ガラクタ
jury,陪審
justice,正義
justify,正当化する
keen,鋭い
keep,保つ
kettle,やかん
key,鍵
kick,蹴る
kid,子供
kill,殺す
kind,親切な
king,王
kingdom,王国
kiss,キスする
kitchen,キッチン
knee,膝
kneel,ひざまずく
knife,ナイフ
knit,編む
knock,ノックする
knot,結び目
know,知る
knowledge,知識
label,ラベル
labor,労働
lack,欠如
lady,女性
lake,湖
lamp,ランプ
land,土地
landscape,風景
language,言語
laptop,ノートパソコン
large,大きい
last,最後の
late,遅い
laugh,笑う
launch,開始する
law,法律
lawn,芝生
lawsuit,訴訟
layer,層
lazy,怠惰な
leader,リーダー
leaf,葉
league,リーグ
lean,傾く
learn,学ぶ
lecture,講義
left,左の
legal,合法の
legend,伝説
lemon,レモン
lend,貸す
length,長さ
less,より少ない
lesson,授業
letter,手紙
level,レベル
liberal,自由主義の
liberty,自由
library,図書館
license,免許
lick,舐める
lie,嘘
adapt,適応する
admire,称賛する
adventure,冒険
advice,助言
affection,愛情
afford,余裕がある
agenda,議題
aid,援助
aim,目標
alert,警戒する
alter,変更する
amaze,驚かせる
ambitious,野心的な
analyze,分析する
ancient,古代の
annoy,苛立たせる
annual,年次の
anxiety,不安
apologize,謝罪する
apparent,明白な
appeal,訴える
appetite,食欲
applaud,拍手する
appoint,任命する
appreciate,感謝する
approach,接近する
approval,承認
archive,アーカイブ
arise,生じる
arrange,整える
arrest,逮捕する
arrive,到着する
artificial,人工的な
assemble,組み立てる
assess,評価する
assign,割り当てる
assist,支援する
associate,関連付ける
assume,仮定する
assure,保証する
astonish,驚かせる
attach,添付する
attempt,試みる
attend,出席する
attract,引きつける
auction,オークション
audit,監査
author,著者
authority,権限
automate,自動化する
available,利用可能な
avenue,大通り
average,平均
avoid,避ける
await,待つ
award,賞
aware,気づいている
awesome,素晴らしい
awful,ひどい
balance,バランス
ban,禁止する
barrier,障壁
base,基盤
basic,基本的な
bear,耐える
become,～になる
beg,懇願する
begin,始める
behalf,利益
behave,振る舞う
belief,信念
benefit,利益
beside,～のそばに
betray,裏切る
beware,注意する
bias,偏見
bind,縛る
biography,伝記
birth,誕生
bizarre,奇妙な
blame,非難する
blend,混ぜる
bless,祝福する
blind,盲目の
blink,まばたきする
block,ブロック
bloom,咲く
blow,吹く
boast,自慢する
bold,大胆な
boost,増強する
bore,退屈させる
borrow,借りる
bounce,跳ねる
bound,境界
branch,枝
brand,ブランド
brave,勇敢な
breeze,そよ風
abroad,海外で
accident,事故
agreement,合意
airplane,飛行機
ambition,野心
apologize,謝る
appointment,約束
available,利用可能
background,背景
behavior,行動
cancel,キャンセル
challenge,挑戦
choice,選択
climate,気候
comfortable,快適
community,コミュニティ
compare,比較する
complain,文句を言う
condition,状態
confidence,自信
consider,考慮する
convenient,便利
culture,文化
customer,顧客
dangerous,危険
decide,決める
delicious,おいしい
deserve,値する
develop,発展する
difficult,難しい
direction,方向
disappear,消える
disaster,災害
disease,病気
distance,距離
effect,効果
electricity,電気
encourage,励ます
environment,環境
especially,特に
establish,設立する
eventually,最終的に
examine,調べる
excellent,素晴らしい
exercise,運動
experience,経験
explanation,説明
famous,有名
financial,金融の
fortunate,幸運な
freedom,自由
friendly,友好的
frustration,挫折
furniture,家具
generous,寛大
happiness,幸福
healthy,健康
honest,正直
identity,身元
important,重要
information,情報
ingredient,成分
intelligent,知的な
interesting,面白い
invention,発明
limit,制限
location,場所
lucky,幸運な
marriage,結婚
meaning,意味
medicine,薬
message,メッセージ
method,方法
mistake,間違い
modern,現代の
apply,適用する
approach,アプローチ
appropriate,適切な
argue,主張する
arrange,整理する
article,記事
aspect,側面
assignment,課題
atmosphere,雰囲気
attempt,試み
attract,引き付ける
basis,基礎
beyond,〜を越えて
combine,結合する
comfort,快適さ
command,命令する
commercial,商業の
commit,委ねる
communication,通信
company,会社
competition,競争
complain,不満を言う
complete,完全な
complex,複雑な
component,成分
concentrate,集中する
concept,概念
concern,関心
conclude,結論を下す
conduct,行動する
conference,会議
conflict,対立
confuse,混乱させる
congratulate,祝う
connection,接続
consequence,結果
consistent,一貫した
constant,絶え間ない
construct,構築する
consume,消費する
contact,連絡する
contain,含む
content,内容
contest,競技
context,文脈
continue,続ける
contract,契約
contrast,対比
contribute,貢献する
control,制御する
convenient,便利な
conversation,会話
convince,納得させる
cooperate,協力する
coordinate,調整する
correct,正しい
council,評議会
courage,勇気
course,課程
court,裁判所
coverage,報道
create,作る
creature,生物
credit,信用
crime,犯罪
crisis,危機
critical,批判的な
crucial,重要な
current,現在の
damage,損害
danger,危険
data,データ
debate,討論
debt,借金
decade,10年間
decline,減少する
decrease,減少する
deep,深い
defeat,敗北
defend,守る
define,定義する
definite,明確な
degree,度
delay,遅れる
deliver,配達する
demand,要求する
democracy,民主主義
demonstrate,示す
deny,否定する
department,部門
depend,依存する
depress,憂鬱にさせる
depth,深さ
describe,説明する
desert,砂漠
design,設計する
desire,欲望
destroy,破壊する
detail,詳細
detect,検出する
determine,決定する
develop,開発する
device,装置
devote,捧げる
dialogue,対話
difference,違い
dimension,次元
direct,直接の
discipline,規律
discover,発見する
discuss,議論する
dismiss,解雇する
display,表示する
distinguish,区別する
distribute,配布する
district,地区
divide,分ける
document,文書
domestic,国内の
dominant,支配的な
double,二重の
doubt,疑う
downtown,市の中心部
dozen,ダース
draft,下書き
drama,ドラマ
draw,描く
dream,夢
dress,服装
drift,漂う
drink,飲む
drive,運転する
drop,落とす
drown,溺れる
drug,薬
dry,乾いた
due,期限の
during,〜の間に
duty,義務
eager,熱心な
earn,稼ぐ
earth,地球
ease,楽にする
economy,経済
edge,縁
editor,編集者
educate,教育する
effort,努力
elect,選ぶ
element,要素
eliminate,除去する
emerge,現れる
emphasize,強調する
employee,従業員
employer,雇用主
enable,可能にする
encounter,遭遇する
endure,耐える
enemy,敵
energy,エネルギー
engage,従事する
engine,エンジン
enhance,高める
enjoy,楽しむ
enormous,巨大な
ensure,確実にする
enter,入る
entertain,楽しませる
enthusiasm,熱意
entire,全体の
equal,等しい
equipment,装置
equivalent,同等の
escape,逃げる
estate,不動産
estimate,見積もる
ethnic,民族の
evaluate,評価する
event,イベント
evidence,証拠
evolution,進化
exact,正確な
examine,調査する
example,例
exceed,超える
excellent,優れた
exception,例外
exchange,交換する
excite,興奮させる
exclude,除外する
excuse,言い訳
execute,実行する
exercise,運動する
exhibit,展示する
exist,存在する
expand,拡大する
expect,期待する
expense,費用
experiment,実験
expert,専門家
explain,説明する
explode,爆発する
explore,探検する
express,表現する
extend,延長する
extent,範囲
external,外部の
extra,余分の
extreme,極端な
eye,目
facility,施設
fact,事実
false,誤った
family,家族
far,遠い
border,境界
boundary,境界線
brief,短い
broad,広い
budget,予算
calculate,計算する
campaign,キャンペーン
capacity,能力
capture,捕える
career,キャリア
category,カテゴリー
celebrate,祝う
central,中心の
century,世紀
ceremony,儀式
champion,チャンピオン
character,性格
characteristic,特徴
charge,料金
charity,慈善
chemical,化学物質
circumstance,状況
citizen,市民
civil,市民の
claim,主張する
collapse,崩壊する
colleague,同僚
abandon,捨てる
ability,能力
absolutely,絶対に
academic,学問の
accept,受け入れる
accomplish,成し遂げる
achievement,達成
addition,追加
adjust,調整する
advantage,利点
advertisement,広告
affect,影響を与える
alternative,代替の
analysis,分析
announce,発表する
apparent,明らかな
application,申請
kangaroo,カンガルー
keen,熱心な
kettle,ケトル
keyboard,キーボード
kidnap,誘拐する
kidney,腎臓
kiss,キス
kite,凧
knob,ノブ
known,知られている
koala,コアラ
lack,不足
ladder,はしご
launch,打ち上げる
lawyer,弁護士
lazy,怠け者の
lead,導く
leak,漏れる
leap,跳ぶ
leather,革
leave,去る
left,左
lens,レンズ
lie,嘘をつく
life,人生
lift,持ち上げる
light,光
lightning,雷
like,好き
limb,手足
line,線
link,リンク
lion,ライオン
liquid,液体
list,リスト
listen,聞く
literature,文学
little,小さい
live,住む
laser,レーザー
lately,最近
legacy,遺産
lifestyle,ライフスタイル
likely,ありそうな
limitation,制限
linear,線形の
lip,唇
liver,肝臓
load,積み荷
loan,ローン
local,地元の
locate,位置する
lock,ロックする
logic,論理
logical,論理的な
lonely,孤独な
long,長い
look,見る
loop,ループ
loose,緩い
lord,領主
lose,失う
loss,損失
lot,たくさん
loud,うるさい
lounge,ラウンジ
love,愛
loyal,忠実な
luck,運
lunch,昼食
luxury,贅沢
machine,機械
mad,怒った
magazine,雑誌
magic,魔法
magnet,磁石
magnitude,大きさ
maid,メイド
mail,郵便
main,主要な
maintain,維持する
major,主要な
make,作る
male,男性
manage,管理する
management,経営
manager,マネージャー
manner,方法
manual,手動の
manufacture,製造する
map,地図
march,行進する
margin,余白
mark,印
market,市場
married,結婚している
marry,結婚する
mask,マスク
mass,大量の
master,達人
match,試合
material,材料
math,数学
matter,問題
mature,成熟した
maximum,最大
may,～かもしれない
maybe,たぶん
mayor,市長
meal,食事
mean,意味する
meantime,その間
meanwhile,その間に
measure,測る
measurement,測定
meat,肉
mechanic,整備士
mechanism,仕組み
medal,メダル
media,メディア
medical,医療の
medium,媒体
meet,会う
meeting,会議
melt,溶ける
member,メンバー
membership,会員
memory,記憶
mental,精神の
mention,言及する
menu,メニュー
merchant,商人
mercy,慈悲
mere,ほんの
merge,合併する
merit,功績
merry,楽しい
metal,金属
meter,メートル
middle,真ん中
midnight,真夜中
might,かもしれない
mild,穏やかな
military,軍事の
milk,牛乳
million,百万
mind,心
mine,鉱山
mineral,鉱物
minimum,最小
minister,大臣
minor,小さい
minute,分
miracle,奇跡
mirror,鏡
miss,逃す
mission,使命
mix,混ぜる
mixture,混合
nail,釘
naive,世間知らずの
name,名前
narrative,物語
narrow,狭い
nation,国家
national,国家の
native,母国の
natural,自然の
nature,自然
navigate,航行する
navy,海軍
near,近く
nearly,ほとんど
neat,きちんとした
necessary,必要な
neck,首
need,必要
needle,針
negative,否定的な
neglect,無視する
negotiate,交渉する
neighbor,隣人
neighborhood,近所
neither,どちらも～ない
nerve,神経
nervous,緊張した
nest,巣
net,ネット
network,ネットワーク
neutral,中立の
never,決して～ない
nevertheless,それにもかかわらず
new,新しい
news,ニュース
newspaper,新聞
next,次の
nice,良い
night,夜
nightmare,悪夢
noble,高貴な
nobody,誰も～ない
noise,騒音
nominate,指名する
none,誰も～ない
nonsense,ナンセンス
noon,正午
nor,～もまた～ない
norm,基準
normal,通常の
north,北
nose,鼻
notable,注目すべき
note,メモ
nothing,何も～ない
notice,気づく
notion,概念
novel,小説
now,今
nowhere,どこにも～ない
nuclear,核の
number,数
numerous,多数の
nurse,看護師
nursery,保育園
nut,ナッツ
nutrition,栄養
oak,オーク
obey,従う
object,物体
objective,客観的な
obligation,義務
oblige,義務を負わせる
observation,観察
observe,観察する
obstacle,障害
obtain,得る
obvious,明らかな
occasion,機会
occasionally,時々
occupy,占める
occur,発生する
ocean,海洋
october,10月
odd,奇妙な
of,～の
off,離れて
oath,誓い
objective,目的
obscure,不明瞭な
obvious,明白な
occasionally,時折
ocean,海
offend,気分を害する
offer,提供する
office,オフィス
officer,警官
official,公式の
often,しばしば
oil,油
okay,大丈夫
old,古い
olive,オリーブ
olympic,オリンピックの
omit,省略する
once,一度
one,一つ
onion,玉ねぎ
online,オンラインの
only,唯一の
onto,～の上へ
open,開ける
operate,操作する
operation,操作
opinion,意見
opponent,対戦相手
opportunity,機会
oppose,反対する
opposite,反対の
opt,選ぶ
option,選択肢
orange,オレンジ
orbit,軌道
orchestra,オーケストラ
order,注文する
ordinary,普通の
organ,臓器
organic,有機的な
organization,組織
organize,組織する
origin,起源
original,元の
orphan,孤児
other,他の
otherwise,さもなければ
ought,～すべきである
our,私たちの
ourselves,私たち自身
out,外に
outcome,結果
outdoor,屋外の
outer,外側の
outline,概要
output,出力
outrage,激怒
outside,外
outstanding,傑出した
oven,オーブン
over,上に
overall,全体的な
overcome,克服する
overlook,見落とす
overnight,一晩
overseas,海外の
overtake,追い越す
owe,借りている
own,所有する
owner,所有者
oxygen,酸素
oyster,カキ
pace,歩調
pack,詰める
package,パッケージ
pad,パッド
page,ページ
pain,痛み
paint,塗る
pale,青白い
pan,フライパン
panel,パネル
panic,パニック
pants,ズボン
paper,紙
paragraph,段落
parallel,平行の
parcel,小包
pardon,許す
parent,親
park,公園
parking,駐車
parliament,議会
part,部分
participant,参加者
participate,参加する
particular,特定の
partner,パートナー
party,パーティー
pass,通過する
passage,通路
passenger,乗客
passion,情熱
past,過去
paste,貼り付ける
pastor,牧師
patent,特許
path,道
patience,忍耐
patient,患者
pattern,パターン
pause,一時停止する
pay,支払う
payment,支払い
peace,平和
peak,頂点
pen,ペン
penalty,罰金
pencil,鉛筆
people,人々
pepper,コショウ
perceive,認識する
perfect,完璧な
perform,演じる
performance,演技
perhaps,おそらく
period,期間
permanent,永久的な
permission,許可
permit,許可する
person,人
personal,個人的な
personality,個性
perspective,視点
persuade,説得する
pet,ペット
phase,段階
phenomenon,現象
philosophy,哲学
phone,電話
photo,写真
phrase,フレーズ
physical,物理的な
physics,物理学
piano,ピアノ
pick,選ぶ
picture,絵
piece,一片
pile,山
pill,錠剤
pilot,パイロット
pin,ピン
pink,ピンク
pipe,管
pistol,ピストル
pitch,投げる
place,場所
plain,平易な
plan,計画
plane,飛行機
planet,惑星
plant,植物
plastic,プラスチック
plate,皿
platform,プラットフォーム
qualify,資格を得る
quality,品質
quantity,量
quarrel,口論
quarter,四分の一
queen,女王
question,質問
quick,速い
quickly,速く
quiet,静かな
quit,やめる
quite,かなり
quote,引用する
quack,ガーガー鳴く
quaint,風変わりな
quake,地震
qualification,資格
quantify,定量化する
quarantine,検疫
quarry,採石場
quench,渇きを癒す
query,問い合わせ
quest,探求
questionnaire,アンケート
queue,列
quicksand,流砂
quietly,静かに
quill,羽ペン
quilt,キルト
quintessential,典型的な
quirk,奇癖
quiver,震える
quiz,クイズ
quota,割り当て
quotation,引用
quotient,商
quibble,言い逃れ
quicksilver,水銀
quintet,五重奏
quizzical,疑問の
quorum,定足数
quarantine,隔離する
quandary,困惑
quantum,量子
quasar,クエーサー
quay,波止場
quicken,速める
quietness,静けさ
quintuple,5倍の
quintillion,100京
quadrant,象限
quadratic,二次の
quadruple,4倍の
quadruped,四足動物
quad,中庭
quadriceps,大腿四頭筋
quark,クォーク
quasar,準星
qubit,量子ビット
quintuplet,五つ子
quantitative,定量的な
quack,偽医者
quartz,石英
quince,マルメロ
quintuple,五倍にする
quixotic,非現実的な
quell,鎮圧する
quagmire,泥沼
quantize,量子化する
query,質問する
quintessence,精髄
quotable,引用に値する
quotidian,日常の
quoth,言った
quizzical,質問の
mud,泥
multiple,複数の
murder,殺人
muscle,筋肉
museum,博物館
music,音楽
musician,音楽家
must,〜しなければならない
mutual,相互の
myself,私自身
mystery,謎
naked,裸の
naturally,自然に
nearly,ほぼ
negotiation,交渉
neither,どちらも〜ない
never,決して〜ない
nice,素敵な
nine,九
nobody,誰も〜ない
nod,うなずく
none,何も〜ない
nonsense,無意味
normal,普通の
normally,通常
northern,北の
not,〜でない
nothing,何も〜ない
notice,通知
nowhere,どこにも〜ない
object,物
obviously,明らかに
occupation,職業
of,〜の
offense,犯罪
officer,役員
on,上に
onto,〜の上に
open,開く
or,または
otherwise,そうでなければ
ought,〜すべきである
outside,外側
over,〜の上に
overall,全体の
owe,借りがある
pace,ペース
pack,荷造りする
painful,痛い
paint,ペイント
painter,画家
painting,絵画
pair,ペア
palm,手のひら
pan,鍋
pardon,許し
particularly,特に
partly,一部
partnership,提携
pepper,胡椒
per,〜ごとに
percentage,割合
perception,知覚
perform,実行する
performance,パフォーマンス
permanent,永続的な
personality,人格
personnel,人員
photograph,写真
physician,医者
pig,豚
pile,積み重ね
pine,松
pipe,パイプ
play,遊ぶ
player,プレイヤー
pleasant,心地よい
please,どうぞ
pleasure,喜び
plenty,十分な
plot,筋
plus,プラス
pocket,ポケット
poem,詩
poet,詩人
poetry,詩
point,点
pole,棒
police,警察
policy,政策
political,政治的な
politician,政治家
politics,政治
pollution,汚染
pool,プール
poor,貧しい
popular,人気のある
population,人口
porch,ポーチ
port,港
portion,部分
portrait,肖像画
position,位置
positive,積極的な
possess,所有する
possession,所有
possibility,可能性
possible,可能な
game,ゲーム
garage,車庫
gear,装置
give,与える
global,世界的な
grab,掴む
grade,成績
grant,許可する
grasp,握る
great,素晴らしい
grow,育つ
guard,守る
hang,掛ける
hard,固い
hardly,ほとんど〜ない
have,持っている
heart,心臓
heavily,重く
hello,こんにちは
hence,それゆえに
here,ここ
intense,激しい
intention,意図
interaction,相互作用
interview,面接
invasion,侵略
investment,投資
item,項目
joint,共同の
journal,雑誌
judge,判断する
kitchen,台所
leadership,指導力
leading,主要な
learning,学習
master,主人
maybe,多分
mechanical,機械の
medium,中間の
mental,精神的な
mere,単なる
merely,単に
mess,混乱
middle,中間
miserable,悲惨な
misery,苦しみ
mission,任務
mobile,移動可能な
mode,モード
model,モデル
modest,控えめな
moment,瞬間
money,お金
monitor,監視する
month,月
mood,気分
moral,道徳的な
more,もっと
moreover,さらに
morning,朝
mortgage,住宅ローン
most,最も
mostly,主に
mother,母
motion,動き
motivation,動機
motor,モーター
mount,登る
mountain,山
mouse,マウス
mouth,口
move,動く
movement,運動
movie,映画
herself,彼女自身
hidden,隠れた
highway,高速道路
himself,彼自身
historical,歴史的な
hold,持つ
hope,希望する
host,主催する
however,しかし
illegal,違法な
immediate,即座の
importance,重要性
impress,感銘を与える
incident,事件
incorporate,組み入れる
indeed,実際に
individual,個人
initial,初期の
initiative,主導権
injury,負傷
inner,内部の
install,設置する
instead,代わりに
institution,機関
instruction,指示
least,最も少ない
leg,脚
legal,合法的な
leisure,余暇
let,許す
lifetime,一生
like,好む
limit,限界
limited,限られた
live,生きる
load,荷物
lock,錠
log,記録
lonely,寂しい
lost,失われた
lot,多く
lovely,素敵な
low,低い
main,主な
mainly,主に
majority,多数
mall,ショッピングモール
man,男性
management,管理
manufacturer,製造業者
many,多くの
mass,大量
fault,過失
feed,餌を与える
fence,柵
field,分野
final,最終の
finance,財務
fine,罰金
finish,終える
firm,会社
fiscal,財政の
fit,適合する
focus,焦点を当てる
formula,式
fortune,財産
forward,前方に
found,設立する
foundation,基盤
frame,枠
freeze,凍る
frequent,頻繁な
fresh,新鮮な
friend,友達
friendly,友好的な
front,前面
fruit,果物
fuel,燃料
full,満杯の
function,機能
fund,基金
funeral,葬儀
funny,面白い
further,さらに
future,未来
sack,袋
sacred,神聖な
sacrifice,犠牲
sad,悲しい
safe,安全な
safety,安全
sail,帆
salary,給料
sale,販売
salmon,サーモン
salt,塩
same,同じ
sample,サンプル
sanction,制裁
sand,砂
satisfy,満足させる
sauce,ソース
save,保存する
scale,規模
scan,スキャンする
scar,傷跡
scare,怖がらせる
scatter,散らす
scene,シーン
scent,香り
schedule,スケジュール
scheme,計画
scholar,学者
school,学校
science,科学
scissors,ハサミ
scold,叱る
scope,範囲
score,得点
scrape,擦りむく
scratch,引っかく
scream,叫ぶ
screen,画面
screw,ねじ
script,脚本
sculpture,彫刻
sea,海
seal,印章
search,検索する
season,季節
seat,座席
second,秒
secret,秘密
section,セクション
secure,安全な
security,セキュリティ
see,見る
seed,種
seek,探し求める
seem,～のように見える
select,選択する
self,自己
sell,売る
semester,学期
send,送る
senior,年上の
sense,感覚
sensitive,敏感な
sentence,文
separate,分離する
sequence,順序
serious,真剣な
serve,提供する
service,サービス
session,セッション
set,セット
settle,定住する
seven,七
several,いくつかの
severe,厳しい
sew,縫う
shade,日陰
shadow,影
shake,振る
shall,～すべきである
shallow,浅い
shame,恥
shape,形
share,共有する
sharp,鋭い
shatter,粉砕する
sheep,羊
sheet,シーツ
shelf,棚
table,テーブル
tablet,タブレット
tackle,タックルする
tactic,戦術
tail,尾
take,取る
tale,物語
talent,才能
talk,話す
tall,高い
tank,タンク
tap,タップする
tape,テープ
target,目標
task,タスク
taste,味
tax,税金
taxi,タクシー
teach,教える
teacher,先生
team,チーム
tear,涙
technical,技術的な
technique,技術
technology,技術
television,テレビ
tell,言う
temper,気性
temperature,温度
temple,寺
temporary,一時的な
ten,十
tend,傾向がある
tender,柔らかい
tennis,テニス
tent,テント
term,期間
terminal,ターミナル
terminate,終わらせる
terrible,ひどい
territory,領土
test,テスト
text,テキスト
than,～より
thank,感謝する
theater,劇場
theme,テーマ
theory,理論
therapy,治療
there,そこに
thesis,論文
thick,厚い
thief,泥棒
thin,薄い
thing,物
think,考える
third,第三
thirsty,喉が渇いた
thirty,三十
this,これ
thorough,徹底的な
those,それら
though,～だけれども
thought,考え
thousand,千
thread,糸
threat,脅威
three,三
thrive,繁栄する
throw,投げる
thumb,親指
thunder,雷
ticket,切符
tie,結ぶ
tight,きつい
time,時間
timid,臆病な
tiny,小さい
tip,チップ
tired,疲れた
title,タイトル
to,～へ
today,今日
together,一緒に
toilet,トイレ
tomorrow,明日
tone,音色
tongue,舌
tonight,今夜
too,～もまた
tool,道具
tooth,歯
top,上
topic,話題
total,合計
touch,触れる
tough,頑丈な
umbrella,傘
unable,できない
unaware,気づいていない
uncertain,不確かな
uncle,おじ
uncover,明らかにする
under,～の下に
undergo,経験する
understand,理解する
undertake,引き受ける
underwear,下着
undo,元に戻す
unfair,不公平な
unfold,展開する
unfortunate,不運な
unify,統一する
union,組合
unique,唯一の
unit,単位
unite,団結する
universe,宇宙
university,大学
unknown,未知の
unless,～でない限り
unlike,～とは異なる
unlikely,ありそうもない
unload,降ろす
unlock,開ける
unpleasant,不快な
until,～まで
unusual,異常な
up,上へ
update,更新する
upgrade,アップグレードする
uphold,支持する
upon,～の上に
upper,上部の
upset,動揺させる
upside,上側
urban,都市の
urge,促す
urgent,緊急の
us,私たちを
usage,使用
use,使う
used,使用済みの
useful,役に立つ
useless,無駄な
user,ユーザー
usual,通常の
usually,通常は
utility,公共サービス
utilize,利用する
utmost,最大の
utter,完全な
utterly,完全に
vacant,空いている
vacation,休暇
vague,曖昧な
valid,有効な
valley,谷
valuable,貴重な
value,価値
vanish,消える
variety,多様性
various,様々な
vary,異なる
vast,広大な
vegetable,野菜
vehicle,車両
venture,冒険
verb,動詞
verify,検証する
version,バージョン
vertical,垂直の
very,非常に
vessel,船
veteran,ベテラン
via,～を経由して
vibrate,振動する
victim,犠牲者
victory,勝利
view,景色
village,村
violate,違反する
violence,暴力
virtual,仮想の
virtue,美徳
visible,見える
vision,視力
visit,訪れる
visitor,訪問者
visual,視覚の
vital,重要な
vivid,鮮やかな
vocal,声の
voice,声
volcano,火山
volume,音量
voluntary,自発的な
volunteer,ボランティア
vote,投票する
vowel,母音
voyage,航海
vulgar,下品な
vulnerable,脆弱な
venture,ベンチャー
velocity,速度
venom,毒
versatile,多才な
vest,ベスト
vicarious,代理の
vindicate,正当化する
vintage,ビンテージ
viper,毒蛇
viral,ウイルス性の
virus,ウイルス
visa,ビザ
visualize,視覚化する
voltage,電圧
vortex,渦
vow,誓う
voyeur,覗き魔
vulture,ハゲタカ
vulnerable,弱い
vaccinate,予防接種をする
validity,有効性
vanguard,先駆者
vanquish,打ち負かす
vapor,蒸気
variability,変動性
variance,分散
variant,変異種
variegate,変化をつける
vastness,広大さ
vegetation,植生
vehicular,車両の
veracity,真実性
verdict,評決
verification,検証
veritable,本当の
vermin,害虫
versification,韻律
vertigo,めまい
vestige,痕跡
wage,賃金
wagon,ワゴン
waist,腰
wait,待つ
wake,目覚める
walk,歩く
wall,壁
wander,さまよう
want,欲しい
war,戦争
warm,暖かい
warn,警告する
wash,洗う
waste,浪費する
watch,見る
water,水
wave,波
wax,ワックス
way,道
weak,弱い
wealth,富
weapon,武器
wear,着る
weary,疲れた
weather,天気
weave,織る
web,ウェブ
wedding,結婚式
week,週
weekend,週末
weigh,重さを測る
weight,重さ
weird,奇妙な
welcome,歓迎する
welfare,福祉
well,良く
west,西
western,西洋の
wet,濡れた
whale,クジラ
what,何
wheat,小麦
wheel,車輪
when,いつ
where,どこ
which,どちら
while,～の間
whisper,ささやく
whistle,口笛
white,白い
who,誰
whole,全体の
whom,誰を
whose,誰の
why,なぜ
wide,広い
widen,広げる
widespread,広範な
widow,未亡人
width,幅
wife,妻
wild,野生の
will,意思
willing,意欲的な
win,勝つ
wind,風
window,窓
wine,ワイン
wing,翼
winter,冬
wipe,拭く
wire,ワイヤー
wisdom,知恵
wise,賢い
wish,願う
wit,機知
withdraw,撤退する
within,～以内に
without,～なしで
witness,目撃者
wolf,オオカミ
woman,女性
wonder,驚く
wood,木材
wool,ウール
word,言葉
work,働く
world,世界
worry,心配する
worship,崇拝する
worth,価値
worthy,価値のある
wound,傷
wrap,包む
wreck,難破
wrestle,レスリングする
x-ray,レントゲン
xenon,キセノン
xerox,ゼロックス
xylophone,木琴
x-axis,x軸
xenophobia,外国人嫌い
xenial,友好的な
xeric,乾燥地の
xylene,キシレン
xylotomy,木材解剖
xiphoid,剣状の
xylograph,木版画
xenogenesis,異種発生
xerophyte,乾生植物
xenocryst,捕獲結晶
xanthophyll,キサントフィル
xenotransplant,異種移植
xenobiotic,異物質
xanthoma,黄色腫
xerothermic,乾燥高温の
xenograft,異種移植片
xenon-arc,キセノンアーク
xylophagous,木食性の
xenolith,捕獲岩
xenotropic,異栄養の
xanthate,キサント酸塩
xenogamy,異花受粉
xeroderma,乾皮症
xanthosis,黄変症
xerophyte,乾性植物
xiphoid process,剣状突起
xenon lamp,キセノンランプ
xerox copy,ゼロックスコピー
xylophilous,木好きの
xenobiotic,異物質の
xylophonic,木琴の
xenogenesis,異種発生の
xanthate,キサント酸の
xenodochy,異邦人好意
xeroderma pigmentosum,色素性乾皮症
xanthophyll cycle,キサントフィルサイクル
xenophobic,外国人嫌いの
xeriscape,乾燥地景観
xanthic,黄色の
xiphisternum,剣状胸骨
xylidine,キシリジン
xenobiotic metabolism,異物質代謝
xerothermic adaptation,乾燥高温適応
xenogeneic transplant,異種移植
xylitol,キシリトール
xiphoid cartilage,剣状軟骨
xerophthalmia,乾眼症
xenophobic attacks,外国人嫌い攻撃
xeric habitats,乾燥生息地
xylophonic sound,木琴の音
xerothermic conditions,乾燥高温条件
xenon gas,キセノンガス
xerox machine,ゼロックス機
xiphoid pain,剣状突起の痛み
xylophonist,木琴奏者
xenobiotic resistance,異物質抵抗性
xylosma,クロモジ属
xenogenic factors,異種因子
xenogenetic,異種遺伝の
xerophyte species,乾燥性植物種
xenobiotic response,異物質応答
xylophagous insects,木食性昆虫
xenodiagnosis,異種診断
xerographic printing,ゼログラフィック印刷
xenopus,ツメガエル属
xanthochromia,黄変症
xenobiotic transporter,異物質輸送体
xylophage,木食動物
xeroderma care,乾皮症ケア
x-ray diffraction,X線回折
xenon anesthesia,キセノン麻酔
xenotransplantation,異種移植
xylotomy sections,木材切片
yard,庭
yawn,あくび
year,年
yearn,憧れる
yell,叫ぶ
yellow,黄色
yes,はい
yesterday,昨日
yet,まだ
yield,産出する
yoga,ヨガ
yogurt,ヨーグルト
young,若い
youth,若者
yummy,おいしい
yearly,毎年の
yacht,ヨット
yonder,向こうに
yuletide,クリスマス
yeast,酵母
yeti,イエティ
yolk,卵黄
yowl,うめき声
yearbook,年鑑
youthful,若々しい
yodel,ヨーデル
yoke,軛
yip,甲高い声
yucca,ユッカ
yearning,憧れ
yellowish,黄色がかった
yachtsman,ヨットマン
yeoman,自作農
yawnful,退屈な
yachter,ヨット愛好者
yarning,物語
yeastlike,酵母のような
yellowfin,キハダマグロ
yobbish,乱暴な
yippee,やった
yogic,ヨガの
yogini,ヨガの女性修行者
yonks,長い間
yout,若者
yucky,不快な
youthquake,若者による変革
yesteryear,過ぎ去った時代
yabby,淡水ザリガニ
yellowtail,ブリ
yob,乱暴者
yachtswoman,ヨット乗りの女性
yohimbe,ヨヒンベ
yonderly,遠く離れた
youthfully,若々しく
yokel,田舎者
yellowback,安価なペーパーバック本
youthfulness,若々しさ
yaws,熱帯性潰瘍病
yowie,イエティに似た伝説の生物
yammer,喋りまくる
yabber,おしゃべり
yabbering,おしゃべりする
yawp,甲高い声で叫ぶ
yump,ジャンプする
yaw,偏向する
yodelling,ヨーデルを歌う
yachtsmanship,ヨット技術
yogin,ヨガ修行者
yardage,ヤードで測った長さ
yaupon,チャボトウジャ
yellowwood,黄色い木材
yashmak,顔を覆うベール
yawping,騒がしい
yawningly,退屈そうに
yammering,喋りまくる
youngling,若者
yoginī,ヨガ修行者の女性
yowling,うめき声
yardarm,マストの横材
yellowtop,黄色い花の植物
yaguarundi,ヤグアロンディ
yowie-sighting,イエティ目撃
yarraman,馬（オーストラリア先住民語）
zebra,シマウマ
zero,ゼロ
zinc,亜鉛
zip,ジッパー
zone,ゾーン
zoo,動物園
zoology,動物学
zoom,ズーム
zeal,熱意
zealous,熱心な
zenith,天頂
zephyr,そよ風
zest,熱意
zigzag,ジグザグ
zonal,地帯の
zookeeper,飼育員
zoologist,動物学者
zucchini,ズッキーニ
zygote,接合子
zany,滑稽な
zeolite,ゼオライト
zincate,亜鉛酸塩
zither,ツィター
zodiac,黄道帯
zombi,ゾンビ
zonation,帯状配列
zoster,帯状疱疹
zooid,動物体
zootomy,動物解剖学
zymase,発酵酵素
zymogen,酵素原
zymology,発酵学
zymurgy,発酵化学
zoophilia,動物愛好
zooplankton,動物プランクトン
zygomorphic,左右相称の
zoolatry,動物崇拝
zoonosis,動物由来感染症
zootheism,動物神信仰
zephyrous,そよ風の
zeolite crystal,ゼオライト結晶
zooplankter,動物プランクトン
zwitterion,双性イオン
zincograph,亜鉛版画
zooarchaeology,動物考古学
zoochemistry,動物化学
zoomorphism,動物形態論
zygosity,接合性
zooanthropy,動物変身妄想
zoophobia,動物恐怖症
zonked,疲れ果てた
zappy,活気のある
zincography,亜鉛版印刷
zoophagous,食動物性の
zoopraxiscope,動物映写機
zymogenetic,酵素原の
zoopharmacognosy,動物薬草学
zinciferous,亜鉛を含む
zoophysics,動物物理学
zoolith,動物化石
zoonotic,動物由来の
zeolitic,ゼオライトの
zygodactyl,対趾足の
zoophagous diet,食動物性の食事
zoographic,動物描写の
zebrawood,ゼブラウッド
zoological,動物学の
zymoplastic,酵素形成性の
zootomy lectures,動物解剖学講義
zombification,ゾンビ化
zealot,狂信者
zesty,ピリッとした
zibeline,ゼーブル
zeaxanthin,ゼアキサンチン
ziggurat,ジッグラト
zinc oxide,酸化亜鉛
zoosporangium,動物胞子嚢
zoological park,動物園
zygodactyly,対趾性
zoogeography,動物地理学
zygotic stage,接合子段階
zoonotic diseases,動物由来の病気
